bus_id,hora_dia,latitud,longitud,velocidad_kmph,dia_semana
Bus_03,21,4.619631049107753,-74.08989258331998,24.619627568625777,Viernes
Bus_04,13,4.745473156761782,-74.07944141373562,30.669157242373686,Miércoles
Bus_01,5,4.668068431207546,-74.08115949815078,17.64656182853995,Lunes
Bus_03,17,4.635407569501969,-74.11254471129799,41.64665208501572,Miércoles
Bus_03,20,4.611024512099502,-74.13331397983013,36.70740945950203,Jueves
Bus_04,17,4.625463685763131,-74.10694706615378,27.077402380982306,Lunes
Bus_01,18,4.677966092283403,-74.13574058559182,25.308509699741897,Miércoles
Bus_01,7,4.6505504764646926,-74.06099029648162,36.44628246317697,Miércoles
Bus_03,10,4.724332504882391,-74.11541225392622,22.927066193640382,Martes
Bus_02,22,4.664633128549271,-74.13455402527767,31.25365315765169,Viernes
Bus_03,9,4.6373071408881446,-74.14745522400943,41.61398787431406,Lunes
Bus_03,19,4.692571747990605,-74.08541776137135,21.887428808628076,Martes
Bus_03,6,4.706016582532817,-74.08630976825452,33.68600829120203,Jueves
Bus_03,14,4.625056286185142,-74.11593958334187,33.157252669354925,Viernes
Bus_04,22,4.625142882443248,-74.14282881111524,29.02663181337317,Lunes
Bus_01,17,4.605500714040031,-74.10903711051049,24.962104158960635,Miércoles
Bus_04,9,4.710460302259846,-74.11887825049367,42.14797056894385,Lunes
Bus_04,5,4.699570679143271,-74.0822879360265,24.024313642330338,Miércoles
Bus_04,5,4.6711946313624715,-74.08942207505473,11.8796109887038,Viernes
Bus_03,22,4.72662556734538,-74.11354062718024,36.405335916310335,Miércoles
Bus_02,19,4.7208505229425075,-74.1282107445745,17.98696650232166,Jueves
Bus_01,21,4.6878031546595125,-74.05119640338444,36.91881144855087,Miércoles
Bus_02,15,4.730240692076989,-74.10459983788039,43.34903247843444,Jueves
Bus_04,21,4.630876181505515,-74.08117257642198,36.29749878398674,Viernes
Bus_04,17,4.616787942909659,-74.13594470324217,40.71411301887491,Viernes
Bus_02,5,4.640462441727548,-74.10144103003407,50.200491069296476,Lunes
Bus_02,6,4.608563028413397,-74.14724632801305,39.66760462608947,Jueves
Bus_02,13,4.679675429200155,-74.09945448820896,33.305733926254355,Jueves
Bus_04,7,4.7404908538442445,-74.05359825928822,46.339481835236484,Martes
Bus_04,5,4.605901531100276,-74.11157932870142,47.54775544846585,Martes
Bus_01,20,4.618316487101504,-74.14610039874252,47.6877178325942,Martes
Bus_01,10,4.667829854242515,-74.14690442090807,25.078564848039974,Miércoles
Bus_04,21,4.740081252629186,-74.11120132400532,16.459816415015958,Martes
Bus_02,9,4.647423415746513,-74.13399750635368,24.468078165651132,Jueves
Bus_02,9,4.676085221303259,-74.14766479036719,37.036416157931754,Miércoles
Bus_01,10,4.606235928857559,-74.07437863860498,31.591589453321056,Viernes
Bus_04,7,4.622251480144313,-74.1041476991118,27.93519014823153,Lunes
Bus_01,9,4.747994518443827,-74.12107552280274,35.60481398804936,Martes
Bus_01,9,4.744767804465407,-74.05999168169835,15.291949183267327,Viernes
Bus_03,14,4.600740997140161,-74.13838610397995,31.411692986915412,Jueves
Bus_03,14,4.742771767813486,-74.05440811710447,41.184576448478765,Lunes
Bus_03,21,4.695867990672325,-74.11860332826227,35.49315644558229,Viernes
Bus_02,18,4.730187744178004,-74.06115963276913,36.918098218337285,Lunes
Bus_04,13,4.668210978345079,-74.08970571235206,45.973727899525144,Martes
Bus_04,18,4.677339404286887,-74.06732926402584,29.33856715126333,Jueves
Bus_04,5,4.673326987038537,-74.05159868367895,23.469083386496635,Lunes
Bus_04,17,4.700029638631915,-74.12115945621812,41.89515042665042,Viernes
Bus_03,17,4.620947688213446,-74.05388645145923,41.71120631033927,Martes
Bus_02,8,4.604496038480901,-74.11105181050976,35.58291674755797,Martes
Bus_02,5,4.646189491238679,-74.11144880952631,28.39628999417552,Viernes
Bus_03,21,4.705702114410497,-74.11596128957456,30.01379651007985,Viernes
Bus_02,12,4.630278017818442,-74.09585923926524,17.232270478689134,Lunes
Bus_03,6,4.701014864998737,-74.13458549568216,41.12946530207203,Miércoles
Bus_04,12,4.745486806916091,-74.0946288514642,40.776513095291435,Martes
Bus_03,11,4.614085107368412,-74.095829518759,16.88317249533216,Lunes
Bus_04,6,4.700890317733768,-74.0738098187395,38.67632083906136,Viernes
Bus_04,7,4.666562532895686,-74.06663500380624,34.041016550090085,Lunes
Bus_01,22,4.730221338156626,-74.10595586496876,19.780258896092036,Viernes
Bus_03,16,4.626572468417107,-74.11976667506485,17.939997989275305,Jueves
Bus_01,5,4.703893892833925,-74.12406651026829,33.734932694017225,Viernes
Bus_03,16,4.725717293447216,-74.13053761632952,26.02295886093082,Viernes
Bus_03,9,4.741692132921104,-74.14423524178011,48.1994885054967,Viernes
Bus_01,21,4.702487204243447,-74.11575520211653,39.52598394648906,Miércoles
Bus_01,20,4.674576214601264,-74.12297523078692,34.73693136732227,Viernes
Bus_03,19,4.692677086030182,-74.05335826141335,35.23079004002395,Martes
Bus_02,19,4.730335747671807,-74.094229117375,43.30867180367167,Martes
Bus_04,9,4.685591461995824,-74.11527229609695,38.46518091727338,Lunes
Bus_01,18,4.604558058954525,-74.09195323990063,34.997664384960224,Miércoles
Bus_04,6,4.739642304326047,-74.13608032986544,20.1973882370249,Lunes
Bus_02,15,4.703429012654734,-74.10559562507979,60.619469654062186,Martes
Bus_02,11,4.701477007866587,-74.08737656785789,18.96817242691767,Martes
Bus_02,10,4.632351272859657,-74.10111021682076,26.874572628998354,Jueves
Bus_01,6,4.698832820534898,-74.10982211993456,13.452717235900025,Viernes
Bus_02,10,4.659079660848124,-74.05061516111003,35.38798158769262,Martes
Bus_01,22,4.697684946556223,-74.06196852378511,31.511104372848074,Lunes
Bus_02,6,4.615988954546198,-74.08765940418405,37.6527643836476,Lunes
Bus_04,22,4.698676795690456,-74.09306226388178,12.609343688955661,Viernes
Bus_04,19,4.7499120588656,-74.08793395201754,41.129056673809316,Viernes
Bus_03,6,4.607231805829083,-74.12986878921777,21.925645985303852,Jueves
Bus_04,10,4.7465761276331975,-74.11048622567357,28.509948006361345,Miércoles
Bus_03,5,4.66103619410843,-74.14605404671092,39.31571268681064,Lunes
Bus_04,19,4.7306130175505885,-74.10244539625131,32.612666841319,Viernes
Bus_01,14,4.717357822608741,-74.09569754160424,33.31942556666864,Lunes
Bus_04,21,4.685052439148,-74.12722502638968,37.99178819905399,Viernes
Bus_03,9,4.710767381387699,-74.05359711528345,34.28790639938724,Martes
Bus_03,8,4.731777334195202,-74.05905453890627,26.588920974512828,Lunes
Bus_02,14,4.660621048247655,-74.07778567645441,28.33530871764771,Martes
Bus_01,21,4.6490549742344855,-74.09666133712346,32.11878678651823,Lunes
Bus_04,14,4.7001390078345375,-74.06300308403523,21.044439064536654,Miércoles
Bus_02,21,4.721176891291189,-74.13693476561765,39.9600865938867,Jueves
Bus_04,9,4.714342770216493,-74.07094902057251,32.88653930807484,Martes
Bus_04,6,4.719672047328795,-74.13751791860332,30.747762679219687,Viernes
Bus_02,10,4.66533749722194,-74.07057893374505,41.92496559031471,Miércoles
Bus_02,6,4.722675132426253,-74.12242324317486,28.798863567886304,Lunes
Bus_02,17,4.618031358305591,-74.06229094189818,28.17579002847583,Martes
Bus_02,15,4.681673364694127,-74.05559579061746,25.153712359960355,Lunes
Bus_02,15,4.600863799074718,-74.13512040305949,33.43067008925935,Lunes
Bus_04,20,4.648687874485041,-74.10373243949346,33.084501083315146,Lunes
Bus_02,15,4.6549692302307095,-74.05190126218373,23.337157994900934,Jueves
Bus_01,19,4.659425903741388,-74.10165925640268,28.223060228865997,Jueves
Bus_03,20,4.7043200810034795,-74.06364524774854,23.40397731480767,Viernes
Bus_02,15,4.658283715190552,-74.09112684778687,22.951315461845095,Martes
Bus_02,20,4.667304043393379,-74.11246700920805,12.701021682731529,Miércoles
Bus_04,12,4.635631619631149,-74.12142164444742,27.690897463184445,Miércoles
Bus_02,8,4.655987768744401,-74.1296776908914,12.977867339199886,Miércoles
Bus_02,12,4.634090444089472,-74.07382018086223,25.371843136604888,Lunes
Bus_02,8,4.610979388565267,-74.1113459493177,23.873053541223914,Jueves
Bus_04,7,4.690517289007206,-74.09887245377993,40.51895057265604,Martes
Bus_02,7,4.700231919783253,-74.10076745199989,19.85065193690358,Lunes
Bus_03,22,4.692923551901442,-74.09227209707669,22.388136151855242,Jueves
Bus_04,9,4.669524106570086,-74.06344228543755,26.184758608084277,Jueves
Bus_03,22,4.656967867026884,-74.05192606564165,24.19856348497224,Martes
Bus_04,14,4.729500047435773,-74.10924157914262,43.69254797421876,Martes
Bus_02,10,4.677862267770433,-74.06724810778937,18.614326269503806,Martes
Bus_03,5,4.671877281644459,-74.07354722053452,26.20595501014158,Lunes
Bus_04,9,4.603846309870965,-74.09264710485445,33.32065249164407,Viernes
Bus_01,13,4.6511871741439235,-74.0543952856388,38.811833430420066,Martes
Bus_02,16,4.657029342817879,-74.12995254844716,26.197584440697966,Viernes
Bus_04,18,4.659823417134535,-74.13907357896905,10.819003994962074,Lunes
Bus_01,6,4.6870258553841,-74.06460380330445,28.498957784144952,Viernes
Bus_04,21,4.6800403820090315,-74.10608501833663,43.52028476180715,Miércoles
Bus_01,18,4.691185763919017,-74.0653031145793,32.82187407430427,Viernes
Bus_02,17,4.714732489231319,-74.06069097948046,32.36417862359933,Martes
Bus_03,13,4.721947860807414,-74.1437542406381,19.369820084230035,Lunes
Bus_01,19,4.707718461433974,-74.0616535237014,18.343284097113354,Martes
Bus_04,19,4.743328554393241,-74.10516809446305,30.18041648634099,Miércoles
Bus_02,15,4.6027348874014535,-74.09895675109958,15.73621077718592,Martes
Bus_01,20,4.629366697852531,-74.08734074889068,37.8136222236251,Martes
Bus_04,21,4.601134431246721,-74.05736173932699,21.533537511336377,Martes
Bus_04,8,4.697121207123191,-74.14808839055704,29.753427192685063,Jueves
Bus_04,5,4.734704582342498,-74.10231565316822,11.14233081245758,Miércoles
Bus_01,12,4.636522344486445,-74.08122779575694,26.061981315564932,Martes
Bus_01,21,4.739055181719446,-74.07772930423017,18.14139452869797,Martes
Bus_01,7,4.609040108543434,-74.0807467568463,6.780435826581893,Martes
Bus_03,19,4.740165404020827,-74.1365564870592,35.41842089336318,Lunes
Bus_01,19,4.652743403085945,-74.12006044116283,46.411595390915735,Jueves
Bus_01,18,4.615213124267382,-74.1141284474583,41.294735893439466,Lunes
Bus_01,18,4.672880763877949,-74.06955627923205,36.816906899038045,Jueves
Bus_03,6,4.638516485158076,-74.12212401275855,25.85878832054454,Martes
Bus_01,17,4.6427309352942885,-74.12892950361328,38.05890228547826,Miércoles
Bus_04,18,4.646093494738943,-74.05425519809619,42.23853198573728,Viernes
Bus_01,11,4.7204538846749,-74.14911367148866,31.368218296712932,Viernes
Bus_04,7,4.680874191501288,-74.0502179144318,18.156398276879774,Martes
Bus_04,19,4.646696154873401,-74.08231787011427,25.00615701408629,Lunes
Bus_04,18,4.691550067496638,-74.06715307005508,47.026964883479366,Miércoles
Bus_03,15,4.707422601133479,-74.12053806036539,29.252558318498338,Jueves
Bus_03,19,4.640893600110029,-74.1485684722333,-3.2475571991109646,Martes
Bus_03,17,4.662032365228803,-74.07621304814384,15.310765363298064,Miércoles
Bus_01,22,4.618282914000542,-74.06658554029993,25.755512968575186,Miércoles
Bus_04,10,4.627172402430202,-74.07595238680464,40.358252384175685,Jueves
Bus_03,7,4.702167678094748,-74.13571497126992,27.26877647593088,Miércoles
Bus_03,19,4.627215752154344,-74.07465720777431,40.5443165497326,Lunes
Bus_01,9,4.678774507550059,-74.07310772178924,24.738376464525107,Lunes
Bus_03,14,4.706356939258365,-74.08414594843299,10.35707477764387,Lunes
Bus_01,11,4.616031538464211,-74.07338840672044,25.084388414019152,Miércoles
Bus_02,21,4.685096832944335,-74.06540785603222,33.44945001546285,Lunes
Bus_03,11,4.638484417555205,-74.08863958857626,32.619503493413134,Jueves
Bus_02,16,4.744439031285637,-74.14113952860303,17.448922507433643,Miércoles
Bus_01,21,4.672531847007988,-74.10123721903328,26.488037981962346,Viernes
Bus_04,17,4.720898882466273,-74.14223506653285,56.846742380640734,Miércoles
Bus_03,8,4.682533981323439,-74.10924569689676,17.667311737031234,Jueves
Bus_01,14,4.606511879928223,-74.10928935108744,36.607233944637485,Viernes
Bus_04,7,4.694972706339104,-74.14339901558598,9.033243014302045,Miércoles
Bus_04,13,4.742710501330999,-74.11511794660305,38.63791824569662,Lunes
Bus_02,17,4.69024177302195,-74.13890019012088,21.076746098115535,Martes
Bus_01,22,4.722878328914018,-74.06917647899908,34.0208825820294,Martes
Bus_04,19,4.732630969502261,-74.05523119740356,17.08474398231799,Lunes
Bus_03,8,4.63421196579234,-74.1427683524742,32.908528001767074,Martes
Bus_03,19,4.631806725986234,-74.05448847927083,20.913497042585618,Martes
Bus_02,6,4.6916471483276485,-74.09774234006633,22.849518170333745,Lunes
Bus_04,19,4.661654270471005,-74.12004343220461,34.41986006395031,Lunes
Bus_01,12,4.725979195430008,-74.1423137924724,25.69614523602984,Miércoles
Bus_03,12,4.735003468509702,-74.09993757319296,33.80381448216311,Miércoles
Bus_04,21,4.653013206895407,-74.07054844555093,28.091586813566494,Lunes
Bus_04,16,4.6355305838461724,-74.07929135227333,30.67493681247275,Jueves
Bus_02,14,4.71707882728658,-74.14497739885361,34.45086471353402,Martes
Bus_03,13,4.64122090533222,-74.14270981646321,26.49981545408859,Miércoles
Bus_03,9,4.7233921477770515,-74.10971267173674,20.03950213998226,Martes
Bus_01,10,4.663560738047314,-74.1204709505952,24.6768773407021,Viernes
Bus_03,6,4.700132484893721,-74.1267615676944,41.951391798334356,Lunes
Bus_01,17,4.6143302970752,-74.12189955010913,31.161730840765497,Jueves
Bus_03,10,4.693578898701486,-74.06965172567031,21.55101546589526,Viernes
Bus_02,9,4.667765151810584,-74.05707719463682,34.01560608387719,Viernes
Bus_03,5,4.687991269476321,-74.10948973054724,34.68315584939138,Viernes
Bus_01,10,4.625202131161729,-74.05938889978675,35.19999075797811,Lunes
Bus_01,10,4.710531061741627,-74.11785042987522,20.221627996287143,Miércoles
Bus_02,20,4.7294195616314845,-74.10235630136562,23.17609005714105,Lunes
Bus_03,8,4.632510970013616,-74.1273971002184,23.231707836129885,Miércoles
Bus_03,15,4.614357183328024,-74.08595239578241,26.393520879338084,Viernes
Bus_02,13,4.60354578790695,-74.05210188848251,35.389191851437346,Viernes
Bus_03,7,4.69629572506649,-74.08965069039566,32.961848047310134,Jueves
Bus_03,12,4.691064105413317,-74.11421859158865,33.75216957157163,Miércoles
Bus_01,9,4.68200461190711,-74.08521825540095,43.54019142371523,Viernes
Bus_03,8,4.634792064417396,-74.13770793215346,36.8889093249163,Martes
Bus_03,10,4.658635899385827,-74.06113409197346,28.581983750039125,Jueves
Bus_02,6,4.689171450277926,-74.09969160492201,18.161148239475004,Lunes
Bus_02,15,4.674515028828875,-74.10506502579604,22.854529915291298,Jueves
Bus_04,8,4.7481678280322335,-74.09141352115465,27.38294932321773,Martes
Bus_01,19,4.62046596288351,-74.08752161372107,38.291298273361136,Miércoles
Bus_03,10,4.704271683107139,-74.14282241937735,29.726680658939067,Lunes
Bus_03,21,4.660647815215643,-74.08173827787766,23.43804045111557,Lunes
Bus_04,10,4.664229942238842,-74.12580683196845,22.67107114272774,Miércoles
Bus_03,6,4.707639664848727,-74.07860473674934,29.304217910787738,Jueves
Bus_01,19,4.703865422698655,-74.06774652056158,38.899875622170995,Viernes
Bus_04,15,4.748688399055328,-74.06960414924475,45.91019305775117,Jueves
Bus_01,12,4.619259143418119,-74.09474990325921,27.942314019703325,Martes
Bus_04,17,4.615616447407625,-74.09798301076893,29.552568192374018,Viernes
Bus_04,16,4.708650822569311,-74.13571240386607,17.86058293842617,Jueves
Bus_02,9,4.686758037550961,-74.07246538495968,49.39192569099466,Miércoles
Bus_01,10,4.641124099983971,-74.12285906195534,15.98997161843916,Martes
Bus_03,8,4.611912905348348,-74.1003304577182,41.716623117805504,Martes
Bus_03,5,4.612848737439465,-74.12157259070725,26.346640469875293,Martes
Bus_01,21,4.734128631199618,-74.13661716370004,24.006335061596808,Viernes
Bus_03,16,4.628780098707811,-74.08704423031082,18.899964281140733,Lunes
Bus_03,19,4.648505734317328,-74.14456679651771,54.10048649407133,Viernes
Bus_01,5,4.633998460334048,-74.07513547658738,32.21491623278394,Jueves
Bus_04,18,4.65324944587479,-74.11824132047389,30.212804371040633,Lunes
Bus_01,10,4.610413576411914,-74.14998653069955,38.86732359554543,Jueves
Bus_04,9,4.67785896863624,-74.09888708607627,23.49167274370037,Lunes
Bus_03,15,4.610141884538832,-74.14531480914725,30.01845955231006,Viernes
Bus_03,8,4.720053476173354,-74.12238304421791,30.56336286812121,Martes
Bus_03,17,4.635056812286565,-74.07930235125443,24.87854267651867,Miércoles
Bus_02,15,4.681001787190676,-74.14373103783782,41.99638079185914,Martes
Bus_04,7,4.732011863134218,-74.0660661507644,27.81345588504096,Viernes
Bus_02,5,4.697631605357079,-74.14961800773415,14.468679466311706,Lunes
Bus_02,10,4.6799436679827,-74.12531761307982,26.985026364791263,Martes
Bus_01,22,4.648650062967306,-74.0759095943848,32.49178671713897,Viernes
Bus_02,14,4.649950286958729,-74.11837298502708,21.065067661123916,Jueves
Bus_01,9,4.700423043279728,-74.1398107611934,21.85405206829561,Miércoles
Bus_01,14,4.749120904183175,-74.11397660811996,24.537409618739595,Martes
Bus_02,16,4.6992758784774065,-74.12296067136155,42.21235660066961,Lunes
Bus_04,6,4.683667512605504,-74.06572880978395,25.128419773542937,Jueves
Bus_04,17,4.709597576535887,-74.1186652082415,44.29117018551031,Viernes
Bus_04,12,4.669780841842558,-74.0711067528224,23.850495618516643,Miércoles
Bus_04,6,4.609021351390117,-74.06081278551892,33.25014136256542,Lunes
Bus_04,5,4.684344522381687,-74.10661825804235,25.53757325780249,Viernes
Bus_02,9,4.743643792675807,-74.05900568561457,37.54083170290472,Viernes
Bus_02,13,4.626295441353649,-74.11226819460369,18.817258454347208,Martes
Bus_03,21,4.7035007336231,-74.05359215835098,37.42859479577231,Martes
Bus_04,13,4.630140053298859,-74.14107104754744,31.138694003096838,Lunes
Bus_02,15,4.680374152670962,-74.08129807334967,23.60008183222551,Viernes
Bus_03,19,4.614501467447008,-74.1006185959543,28.337785152898494,Martes
Bus_04,10,4.667555640438728,-74.11123511945443,45.33854941032175,Miércoles
Bus_01,7,4.713424499334287,-74.08672881212514,31.378445048807833,Miércoles
Bus_03,21,4.652135728635847,-74.07961429083656,22.972719840873612,Viernes
Bus_02,9,4.699736758673082,-74.14956367303498,17.95306717171887,Martes
Bus_01,16,4.719317494118459,-74.13330469112529,35.054042734309974,Lunes
Bus_01,22,4.739076672921918,-74.07869539493657,31.958452470106856,Lunes
Bus_01,18,4.6351963122783175,-74.08336145864217,36.95020695088223,Lunes
Bus_03,15,4.659897387371396,-74.05339524948712,15.377752603101577,Miércoles
Bus_02,13,4.622862401999562,-74.07389622097492,18.277395471085,Martes
Bus_01,6,4.7488725253237565,-74.05492272922686,41.468791992518995,Martes
Bus_04,16,4.739050145188644,-74.07974594984653,33.3134164677934,Miércoles
Bus_01,7,4.680993569542084,-74.12019477913606,35.33400851237562,Lunes
Bus_01,7,4.726304994156463,-74.13946350777492,20.373129678920467,Lunes
Bus_03,5,4.678143696590806,-74.0718176136655,20.190128016710815,Viernes
Bus_03,12,4.6935378532004135,-74.08558507785241,39.912586581920884,Jueves
Bus_02,12,4.613368664817402,-74.14518139876067,40.38377654765149,Martes
Bus_04,15,4.713290563074521,-74.1139949534099,19.116805129709462,Martes
Bus_03,13,4.619157022545285,-74.05432001845156,17.20629504147155,Martes
Bus_01,9,4.7239101445378795,-74.09995988542899,28.914070292875557,Jueves
Bus_02,18,4.717304213150558,-74.10672708639804,22.00651546623994,Viernes
Bus_01,7,4.706311704661446,-74.10423003948408,21.798231209539743,Jueves
Bus_01,9,4.605424057078714,-74.1291117275995,17.486217535726073,Lunes
Bus_03,9,4.645469253391799,-74.11312928291352,25.315661517196332,Lunes
Bus_02,18,4.639466885486626,-74.11301867440129,18.45305257367134,Martes
Bus_04,8,4.654020461120727,-74.14476449798126,19.045990969907635,Miércoles
Bus_04,17,4.613146412014576,-74.0732432371482,32.983918465663045,Martes
Bus_03,14,4.74054367345466,-74.10834955680961,29.448017657126236,Miércoles
Bus_03,22,4.683070336106856,-74.06778201131836,34.84878681532132,Jueves
Bus_02,12,4.645828646598703,-74.06496519988801,13.509665646506935,Lunes
Bus_04,12,4.659547227561142,-74.12880059453013,30.098806098297633,Miércoles
Bus_04,11,4.667080381075725,-74.08426465178299,50.756375421658376,Jueves
Bus_04,12,4.690089150004092,-74.10277181958371,26.277275157144008,Lunes
Bus_01,18,4.677351914154475,-74.06198432620785,38.24749006572298,Miércoles
Bus_04,10,4.737908795982163,-74.12842593208237,38.16006848774423,Martes
Bus_01,5,4.674544522435874,-74.08221867996899,38.651986080012755,Martes
Bus_02,19,4.748823702223497,-74.08922478777473,31.66661687057323,Martes
Bus_01,5,4.727713743661765,-74.12046985224282,35.66085982744214,Jueves
Bus_02,21,4.6312765771536,-74.13633990963488,36.99013620013005,Martes
Bus_04,5,4.7395892821965875,-74.08483602395228,36.35446028314358,Viernes
Bus_04,19,4.617454959682821,-74.07614025418677,18.825818264866037,Lunes
Bus_02,6,4.722617456273679,-74.11843726562367,12.926155174560133,Jueves
Bus_03,18,4.6570934940214865,-74.08551673959776,14.464164565851929,Martes
Bus_02,12,4.73169614806676,-74.11048690923886,27.298400076173362,Lunes
Bus_03,12,4.730208503516118,-74.07867931167173,35.939267344226444,Miércoles
Bus_01,11,4.720888810017643,-74.1300784725106,18.955887224884155,Martes
Bus_01,10,4.718504565446059,-74.06097849973638,39.23970458584404,Lunes
Bus_01,10,4.6457018708647055,-74.12125904035345,24.977248254921136,Viernes
Bus_04,7,4.612137892457688,-74.1132214012244,25.072447888059212,Miércoles
Bus_01,11,4.660447026814774,-74.14419080479198,21.638930041204,Viernes
Bus_03,12,4.626028677247976,-74.13884877876788,11.152136409837262,Lunes
Bus_01,14,4.70424266333537,-74.09841380972877,32.29314128434647,Viernes
Bus_02,19,4.651914958980668,-74.1232407323272,47.126677128385694,Lunes
Bus_02,19,4.746341530128987,-74.06645197742579,29.373354764674367,Lunes
Bus_04,5,4.6961458116018,-74.14853066113452,11.493683583051475,Viernes
Bus_02,11,4.723372084545154,-74.11209059513281,37.80342811616446,Lunes
Bus_03,8,4.619878700911277,-74.1162654453231,13.752020098970107,Martes
Bus_01,10,4.729302172340893,-74.14806723690825,17.909656030108145,Lunes
Bus_04,5,4.738413578577009,-74.13756316009996,27.61661827686429,Jueves
Bus_01,9,4.6730592878228405,-74.10863573250813,31.22843438540198,Lunes
Bus_01,5,4.690937940662646,-74.10071354155525,19.913359988331717,Jueves
Bus_03,8,4.71472147013545,-74.10957102527452,27.226839434340196,Lunes
Bus_02,6,4.626225794089062,-74.09690623215879,37.15162400760685,Lunes
Bus_02,14,4.675384911469516,-74.09048683250943,38.521788848080185,Viernes
Bus_01,9,4.659799454165847,-74.14900761788722,42.514564218142645,Martes
Bus_04,14,4.621956098824337,-74.10359048405465,49.09418652293493,Martes
Bus_02,5,4.655130163343729,-74.05365007591124,38.09889321661117,Miércoles
Bus_04,10,4.610225846407824,-74.09809677198704,27.832634855957597,Viernes
Bus_02,17,4.603871786042423,-74.0822457732541,38.593137911229725,Viernes
Bus_04,19,4.620274943373223,-74.11881361420832,34.66716234005182,Martes
Bus_03,8,4.7444672667383765,-74.07260086218473,35.06366977526255,Viernes
Bus_04,17,4.682429430384253,-74.07270785181238,31.772187850716854,Martes
Bus_03,19,4.744873324172983,-74.0978703952346,20.879458978460935,Viernes
Bus_03,12,4.664874681749519,-74.05239861767208,19.719035921780698,Lunes
Bus_04,9,4.6467724199627884,-74.13744497852375,29.028817989248573,Martes
Bus_03,19,4.675921279426037,-74.14830523351105,31.48910075846372,Martes
Bus_01,8,4.6659267532949364,-74.07298417882429,23.20559077068287,Jueves
Bus_03,16,4.615849702639261,-74.06928444626351,34.23341948608575,Viernes
Bus_02,17,4.696123947203531,-74.13797927708795,50.8076590403919,Viernes
Bus_04,6,4.632405727376439,-74.12344171670414,12.556692807217424,Martes
Bus_01,8,4.692938193234674,-74.14824476366334,35.82244477563761,Lunes
Bus_04,8,4.697530163859723,-74.12066913892194,29.340253791091897,Lunes
Bus_02,15,4.622803727969297,-74.07268581260813,34.506555553346544,Lunes
Bus_02,9,4.6092024440666,-74.09820394722874,25.69285299539709,Viernes
Bus_02,15,4.717114237910266,-74.11519044068318,28.53940114952833,Jueves
Bus_03,14,4.668970063565398,-74.11282607050937,31.29500451008099,Martes
Bus_03,12,4.608724569325821,-74.14986463742846,26.983661164647394,Miércoles
Bus_04,10,4.749229947575465,-74.12001994724348,14.794586826301012,Jueves
Bus_04,10,4.608667084149455,-74.0853541258362,27.66084969355547,Miércoles
Bus_01,12,4.704255284328783,-74.05258055561836,15.83566371803806,Jueves
Bus_01,19,4.747551838789512,-74.0652939173016,36.531931105803096,Lunes
Bus_04,18,4.6358770156323885,-74.14764050353546,11.344548989218776,Viernes
Bus_03,15,4.621337405303079,-74.06014393953251,40.286543794558895,Miércoles
Bus_02,16,4.618207740913364,-74.07168015867013,34.2956300020348,Jueves
Bus_04,17,4.645491272135139,-74.0719623876429,34.333886157338945,Viernes
Bus_01,12,4.615156871651597,-74.10420042409964,8.356901321521605,Miércoles
Bus_03,22,4.70382420125412,-74.11019947070456,26.71400561908444,Martes
Bus_04,5,4.609343769719509,-74.11970842711668,41.5356342865986,Jueves
Bus_04,19,4.676413319222468,-74.14343051410457,24.813920209697052,Martes
Bus_03,12,4.749504528077947,-74.12717646365063,19.219378500362858,Lunes
Bus_04,15,4.722095540425903,-74.1253396365022,23.633299049942877,Martes
Bus_03,16,4.692282915734651,-74.10159229302899,29.31722377360662,Martes
Bus_02,16,4.645938043117991,-74.07525555934033,21.48629549687189,Jueves
Bus_03,8,4.693584375443746,-74.10261901716021,42.33817232089294,Lunes
Bus_03,20,4.679056219586748,-74.14421555505528,29.353324700096074,Martes
Bus_03,8,4.6639125075835555,-74.05422101990118,24.44430652052072,Viernes
Bus_04,9,4.619606556511029,-74.05572756809059,16.986564731644208,Miércoles
Bus_04,9,4.73299063228607,-74.07148104568516,34.84446605278938,Martes
Bus_03,12,4.6674676973231985,-74.05086720984357,34.61666294711363,Lunes
Bus_04,14,4.629193376773115,-74.09555176671998,22.07791093815308,Martes
Bus_01,21,4.655163902631593,-74.05372316497467,7.636709716858547,Miércoles
Bus_01,13,4.662119462879339,-74.14243949593833,34.10762189575884,Lunes
Bus_04,18,4.724130684335031,-74.11343192517387,28.131966087389976,Jueves
Bus_04,12,4.71004215708421,-74.12746187319932,33.36071167925669,Lunes
Bus_03,13,4.715395734046201,-74.13041669158657,49.57174533639638,Jueves
Bus_02,15,4.601654689664297,-74.13591970511074,29.731681562909404,Lunes
Bus_04,5,4.662423099726964,-74.0877586358434,24.86161383157228,Miércoles
Bus_01,18,4.672201622745298,-74.07186781442527,18.526780323516597,Miércoles
Bus_03,9,4.6028788415234585,-74.09217016005796,26.875782085049508,Lunes
Bus_04,18,4.638971981311755,-74.13530372904118,31.605773496156413,Martes
Bus_01,8,4.71404347346832,-74.06888762300665,30.533074205987603,Miércoles
Bus_01,5,4.6205664558593496,-74.08640452928363,47.23465340067103,Jueves
Bus_02,12,4.6802965197178885,-74.1111834293873,34.99085565465943,Jueves
Bus_03,19,4.632280280802585,-74.0825869704464,28.651991284927902,Viernes
Bus_03,19,4.601818116196584,-74.12400950207572,22.93439421166527,Jueves
Bus_02,13,4.636180218639931,-74.11548077915059,32.666727637833205,Viernes
Bus_02,13,4.746381063236508,-74.0582514156868,20.929918416173408,Lunes
Bus_03,14,4.7202305667824485,-74.12094954943286,31.798310795379063,Lunes
Bus_03,13,4.743936496648155,-74.10300117318421,34.874139269048435,Lunes
Bus_04,7,4.673178106588955,-74.0609858862604,27.835477772285525,Martes
Bus_04,15,4.616460429801625,-74.07922786497325,23.69713555934858,Martes
Bus_02,10,4.682193923346054,-74.14377967738353,8.147031526650942,Viernes
Bus_04,6,4.668156600183994,-74.1352696955721,41.438367264203904,Jueves
Bus_01,11,4.7266535624109425,-74.14921584092282,34.03300390245282,Jueves
Bus_04,22,4.6147123871176365,-74.08690782097709,34.27617281584782,Lunes
Bus_04,6,4.673236170553267,-74.10523265745896,14.386476642227002,Miércoles
Bus_01,21,4.622507299704098,-74.13657251490977,43.79838699740057,Martes
Bus_02,15,4.6487013890335085,-74.05420658789431,25.347831333819197,Martes
Bus_01,16,4.71060356160817,-74.09703402760545,27.11204697300514,Lunes
Bus_04,11,4.6714027194053145,-74.12581067058872,19.30713144581175,Martes
Bus_02,10,4.656383242771865,-74.09993964288454,12.130542686601519,Lunes
Bus_04,5,4.659171441785505,-74.08203796672649,41.57346311723567,Viernes
Bus_01,21,4.668917015260898,-74.14237607820264,42.865973693976244,Jueves
Bus_01,15,4.717752481575558,-74.12252961849521,28.344718486466725,Miércoles
Bus_04,22,4.7338127033410355,-74.0693034509116,23.206154301936497,Jueves
Bus_03,21,4.743300202975589,-74.10403351295973,26.229558308657417,Jueves
Bus_03,11,4.7180355079382945,-74.09534228579678,26.503850099644502,Viernes
Bus_01,21,4.647311034362201,-74.10671839977906,18.001402778204017,Martes
Bus_01,13,4.703220205912981,-74.1456100057357,27.077447845561597,Miércoles
Bus_03,21,4.665640468608308,-74.13342502201799,31.531019929343255,Martes
Bus_03,12,4.638200593306907,-74.10544583612581,40.18157247648752,Jueves
Bus_04,21,4.7261307369138885,-74.12908145345921,30.142441640137122,Lunes
Bus_04,11,4.605763952344349,-74.14500209713404,14.236482911005641,Jueves
Bus_03,5,4.735264298820313,-74.06563503359482,33.53547863198676,Martes
Bus_04,17,4.66922161969371,-74.05188074708359,27.440694383302468,Jueves
Bus_04,21,4.695580221521242,-74.07068571260032,43.704096939838664,Lunes
Bus_02,17,4.698903088330868,-74.06462150782953,44.29457802044008,Viernes
Bus_04,20,4.734267661105981,-74.1258022869683,44.644543122673,Martes
Bus_01,12,4.695500452325081,-74.05393730244867,24.384120646267206,Jueves
Bus_04,22,4.692090037714009,-74.13030742955466,49.89855073337557,Martes
Bus_04,5,4.609997806084103,-74.05485701896382,33.50942504895707,Viernes
Bus_03,18,4.67776120329178,-74.0505180706034,46.263804056686325,Jueves
Bus_01,19,4.622525350122556,-74.07882771942539,24.973803861682402,Jueves
Bus_04,22,4.710615065308223,-74.05188562682082,27.014032623903734,Martes
Bus_04,6,4.676833288121901,-74.0930460220433,32.740273526720856,Martes
Bus_02,21,4.702034166881253,-74.1240458216824,31.518776096139398,Lunes
Bus_04,22,4.606250935090357,-74.10630041143344,42.5481194346917,Viernes
Bus_04,10,4.61271880240687,-74.09064390646212,27.678706814515458,Lunes
Bus_02,8,4.707448508209402,-74.14269184379731,41.64614990310356,Jueves
Bus_03,5,4.610812650399801,-74.08776567353827,37.32234507132653,Martes
Bus_04,12,4.610688509164788,-74.05188221632376,27.866077813928513,Jueves
Bus_02,11,4.601816271285233,-74.13098923502163,36.546766174823134,Jueves
Bus_01,7,4.743475209744922,-74.07074048837116,25.267349531669513,Miércoles
Bus_03,14,4.710626253918851,-74.05921012062204,53.50205800005722,Miércoles
Bus_01,14,4.652987711275309,-74.05562984071797,3.3566767892555305,Jueves
Bus_01,18,4.644480337193148,-74.05398643955945,36.72943204495039,Martes
Bus_02,6,4.6524554844618775,-74.09785403612786,12.354040907229528,Jueves
Bus_04,5,4.7161980296771775,-74.05226920920084,27.743432967819313,Miércoles
Bus_02,22,4.699205591660562,-74.07426897928656,29.14391910528754,Martes
Bus_02,11,4.6277793351801195,-74.1338328563763,45.07633558913684,Jueves
Bus_02,12,4.626116400300113,-74.1023099893532,23.078477879231098,Viernes
Bus_02,5,4.614759347457009,-74.0781668824628,43.08011915661778,Viernes
Bus_03,7,4.6990454079552,-74.12526596841809,18.211833597752033,Jueves
Bus_04,12,4.71465589933326,-74.08593848164512,43.46669723754866,Martes
Bus_01,19,4.63975696424875,-74.08333995209534,25.256545580965273,Jueves
Bus_01,9,4.6031417441546365,-74.13373002561914,30.73434519241119,Jueves
Bus_04,7,4.612325750121464,-74.09349146875472,26.63621336889596,Miércoles
Bus_01,5,4.745179005226754,-74.07283730890214,42.82363474115604,Viernes
Bus_04,19,4.644316716621613,-74.1001104335464,40.87739843233747,Miércoles
Bus_01,12,4.71538347217572,-74.1487896883224,34.43501720584525,Miércoles
Bus_02,6,4.69369953532814,-74.14909615309207,18.48131615413226,Jueves
Bus_01,7,4.657290945947934,-74.114297065603,22.849781319697573,Miércoles
Bus_04,18,4.630853089329333,-74.05738059315682,19.714234744938747,Viernes
Bus_04,18,4.61820796272391,-74.12713232203964,7.5185711320783675,Miércoles
Bus_04,15,4.69225194520583,-74.08656363111284,42.61318101850046,Viernes
Bus_04,20,4.7161950670956685,-74.12779241293067,26.721764736573032,Miércoles
Bus_04,8,4.69658563803117,-74.11783300103404,26.615060357077027,Viernes
Bus_03,9,4.6795453199873736,-74.06519579103986,44.9610223342556,Miércoles
Bus_03,18,4.606292683514745,-74.077113855773,25.240113976136325,Miércoles
Bus_01,20,4.745273316639158,-74.14046007226868,21.595290643140693,Martes
Bus_04,22,4.719807128748186,-74.10712979790137,27.752543794850155,Viernes
Bus_01,11,4.643923305505145,-74.14708302363547,18.673309481231037,Viernes
Bus_04,14,4.746995549403827,-74.1019109853397,33.443557692879565,Viernes
Bus_04,11,4.690282238445448,-74.0837565988299,26.263379217358295,Lunes
Bus_03,5,4.687363398731087,-74.13814973764019,24.927285894061875,Miércoles
Bus_03,20,4.71221097691443,-74.12111150610909,24.060968279796977,Viernes
Bus_02,8,4.721765468213521,-74.11021633744978,28.937785061579888,Lunes
Bus_03,22,4.698471791099725,-74.0580468975344,30.83481125519851,Martes
Bus_02,6,4.6192143619549295,-74.0506744984577,24.80024911592478,Viernes
Bus_02,5,4.6507401258991745,-74.14550887010044,26.412340639048534,Viernes
Bus_02,19,4.739212546048908,-74.07389920765046,29.18477173180651,Lunes
Bus_02,9,4.633692341776578,-74.11282759335977,28.17581864460461,Miércoles
Bus_02,15,4.655825053575627,-74.11075418137706,30.310759668750137,Martes
Bus_01,14,4.664811532441629,-74.0745735026653,23.23329196751986,Viernes
Bus_03,6,4.665910748454167,-74.05815735678546,40.0459290912649,Miércoles
Bus_02,7,4.691940937374179,-74.05490714054974,30.96828177409517,Martes
Bus_04,16,4.741461375661706,-74.09228774139616,24.961532471751227,Jueves
Bus_03,9,4.636103906774875,-74.11428788406995,33.44384217378535,Jueves
Bus_03,9,4.618225206445137,-74.07124509141413,29.256314011812854,Martes
Bus_02,10,4.629620573478991,-74.12489986167377,12.661736455163318,Lunes
Bus_01,13,4.73303873503139,-74.09359259711665,33.409526902216264,Martes
Bus_02,6,4.696871621898281,-74.11414215384751,19.80493797615813,Martes
Bus_01,16,4.642886018385874,-74.08433689262921,39.344277832313075,Lunes
Bus_04,7,4.722392040845293,-74.12596010871066,27.58250361106553,Lunes
Bus_03,16,4.729205499454515,-74.13084070542652,37.80070297391064,Miércoles
Bus_04,21,4.726977150803542,-74.05817609133246,23.697814468023928,Miércoles
Bus_01,14,4.737838980045933,-74.13981963170505,30.699292671406397,Lunes
Bus_01,18,4.637836153026004,-74.0994042092265,42.10243500506876,Jueves
Bus_04,21,4.713256289311942,-74.1279147217037,27.309834535851774,Jueves
Bus_01,22,4.669080924591121,-74.14610700366744,24.091829012641952,Martes
Bus_04,21,4.726299782933509,-74.14639811817086,36.550406137817895,Viernes
Bus_03,18,4.709273601574242,-74.13247782278943,36.356615967509605,Martes
Bus_04,13,4.716467116974958,-74.0633229645494,24.51250866585181,Martes
Bus_03,12,4.698424275652161,-74.1217521256023,10.145389795822378,Viernes
Bus_04,6,4.626614315420456,-74.05495408294247,23.89977022501644,Lunes
Bus_01,17,4.681754037834541,-74.09183777070108,36.77359521686422,Jueves
Bus_04,11,4.747700460928677,-74.10633858102312,22.24965810576276,Martes
Bus_01,13,4.740608209974567,-74.09199111653305,29.890621629838044,Viernes
Bus_04,15,4.606476060369552,-74.09833016147738,23.42515062033656,Miércoles
Bus_04,18,4.6247222223594155,-74.07412237462427,10.678328374739504,Martes
Bus_02,8,4.619759316018184,-74.12175039340272,23.24518822960072,Jueves
Bus_01,17,4.708896986497794,-74.11469496083997,36.731320206897124,Lunes
Bus_02,6,4.7226677994785415,-74.06059056974668,6.2974751993418785,Martes
Bus_01,9,4.6320267049466,-74.05535434868496,32.52167350475575,Martes
Bus_02,15,4.675877903942774,-74.06074417725135,18.139307686005868,Viernes
Bus_03,10,4.72610545420168,-74.10805520060427,36.08442069474192,Miércoles
Bus_04,22,4.709920231714937,-74.07196344969931,37.143189358736535,Miércoles
Bus_01,14,4.681335580823777,-74.10236642666989,28.28052065088724,Lunes
Bus_01,8,4.688552153568816,-74.1002460147854,28.303318412187778,Jueves
Bus_04,13,4.676254082037442,-74.12953198909427,21.936373028636986,Lunes
Bus_01,10,4.644632267697823,-74.09088696967414,16.54416599895034,Martes
Bus_01,6,4.684753298928852,-74.13138641022466,46.98092906333733,Martes
Bus_02,21,4.703332795307514,-74.11684353009328,21.34928572828872,Miércoles
Bus_01,9,4.730998437379121,-74.06449697983801,45.67796131196472,Jueves
Bus_03,10,4.695443703096887,-74.12929241907892,21.40499960199823,Viernes
Bus_03,16,4.714168230556473,-74.14288417148266,35.25190390337728,Jueves
Bus_04,14,4.624010745243186,-74.14309924073872,18.621928403463652,Martes
Bus_01,10,4.669233621162968,-74.05592154794968,35.233950169020154,Viernes
Bus_04,12,4.601399742974063,-74.09930795620382,26.744126428468782,Jueves
Bus_03,6,4.637001829678243,-74.1090587928183,26.874838393243294,Jueves
Bus_01,16,4.708969257266951,-74.0689121418992,36.10023169784451,Viernes
Bus_01,17,4.748771492702405,-74.06641740720895,25.30858634920902,Martes
Bus_04,11,4.614876714938082,-74.11678089668844,15.718515045549024,Jueves
Bus_03,14,4.660224147379193,-74.08063819425261,37.61305563409452,Viernes
Bus_01,17,4.720010645304874,-74.0728877184148,18.540994100176718,Martes
Bus_04,21,4.6306053451943345,-74.0845349313134,35.1651728439791,Viernes
Bus_03,18,4.683262742395343,-74.13484049252,39.72996545333,Viernes
Bus_04,6,4.709960694404451,-74.0624116916483,26.245061136477826,Jueves
Bus_02,15,4.692397817539026,-74.0960905447264,41.82352844091784,Martes
Bus_01,5,4.628203710192312,-74.121752757363,34.81783707861284,Jueves
Bus_02,8,4.6533076853028605,-74.10747718145623,23.041385798552245,Lunes
Bus_03,15,4.71756876767281,-74.14624289096011,44.014290022660745,Lunes
Bus_02,12,4.683133977119803,-74.13721331987776,18.583281782606097,Martes
Bus_02,15,4.600784442031436,-74.07344532494841,26.232995700964345,Viernes
Bus_03,8,4.714148614004214,-74.14999883652447,27.93685196380671,Jueves
Bus_04,21,4.605296703241035,-74.10834341715177,36.05223701018255,Jueves
Bus_02,11,4.711860067409685,-74.09774898189144,41.15433297381134,Martes
Bus_04,12,4.630372084024786,-74.14453655799991,40.52791556902714,Martes
Bus_02,7,4.743711022017907,-74.05269218370276,32.23748319574306,Lunes
Bus_04,6,4.655191112695312,-74.12738746687504,27.19730895536433,Miércoles
Bus_03,19,4.649039742450712,-74.11958012803638,11.740157583723697,Martes
Bus_02,9,4.622333207549866,-74.1196057487745,16.858541455447835,Miércoles
Bus_03,5,4.645840632323532,-74.12695833378827,47.666554892914355,Martes
Bus_02,8,4.73149761427423,-74.14985261779137,11.639280124974608,Viernes
Bus_03,19,4.749450150644087,-74.0770655205912,22.155093567578902,Viernes
Bus_03,7,4.655246429576027,-74.05331545002007,41.4460628205009,Lunes
Bus_02,15,4.667291594643181,-74.1275706516715,32.097132991973666,Lunes
Bus_02,21,4.70831064073041,-74.08369528081965,39.280450710056925,Miércoles
Bus_02,17,4.732929367069761,-74.07581036730413,35.42828351270676,Martes
Bus_01,15,4.688956650128017,-74.06515746209095,44.69582537360886,Jueves
Bus_04,6,4.658728854726674,-74.10773708029865,32.954272865648846,Lunes
Bus_01,13,4.6618932761272935,-74.11970690943596,36.63447729151511,Jueves
Bus_01,6,4.704342721974521,-74.1174704865977,22.757534679416594,Jueves
Bus_03,13,4.600482739540642,-74.07873786669015,35.863329755781365,Martes
Bus_02,13,4.692938400618976,-74.06832205334943,26.038739020107712,Miércoles
Bus_04,12,4.653323951566203,-74.13183860322434,25.468941320192876,Martes
Bus_03,21,4.719129599691563,-74.11290589918423,38.94723514647138,Lunes
Bus_01,5,4.613948595973469,-74.05980598032508,39.016233760593636,Jueves
Bus_02,15,4.688230340042258,-74.06933064803053,46.88442155746131,Martes
Bus_03,12,4.672145933482918,-74.05151415972375,46.23263185486201,Martes
Bus_02,14,4.6963488288857835,-74.07457517403179,39.173151613587756,Martes
Bus_03,11,4.609728039172445,-74.11068047989721,12.795543897632875,Lunes
Bus_02,7,4.6869975681142195,-74.09093621660054,48.27680982949696,Miércoles
Bus_01,7,4.684222688193929,-74.08389857457527,39.17967670666362,Martes
Bus_04,22,4.684099014162426,-74.14215441836829,22.34139909913697,Lunes
Bus_01,9,4.690523149989468,-74.09555030408961,37.28909155562782,Jueves
Bus_04,16,4.701470190583954,-74.07906791715274,19.627342590372717,Viernes
Bus_02,16,4.720748349952116,-74.1332678695999,36.18630120109742,Lunes
Bus_03,10,4.640473108019232,-74.07193682825745,16.837299589259008,Viernes
Bus_01,6,4.723757411527009,-74.0916227219486,21.917815912133634,Martes
Bus_04,16,4.674738352339518,-74.05477782143024,37.09929129200527,Martes
Bus_01,9,4.611558741870149,-74.14575777017932,40.72886742992894,Lunes
Bus_04,16,4.608782639386597,-74.12346738624446,33.2543685943381,Viernes
Bus_01,21,4.650135747804409,-74.08984461207002,27.138313633120294,Martes
Bus_04,21,4.71773454656672,-74.12034400877941,8.851337049830093,Jueves
Bus_04,14,4.706152140211137,-74.07855758359288,27.909789003486402,Miércoles
Bus_02,21,4.718292244700861,-74.0740994717478,35.334850768245275,Miércoles
Bus_04,19,4.677590358466241,-74.13974840359336,26.832348940643527,Martes
Bus_02,16,4.666029849693324,-74.09861455357932,29.77422058905582,Viernes
Bus_04,20,4.622117879005942,-74.0991109444409,28.143825320820792,Martes
Bus_03,12,4.649228913041396,-74.11307192297845,26.782937821785662,Viernes
Bus_03,21,4.665102904926081,-74.05670751374304,30.758773899598125,Jueves
Bus_03,9,4.613290064451943,-74.06724936801268,27.273054178475395,Viernes
Bus_04,20,4.633091792906681,-74.08027906180904,44.43289553631942,Martes
Bus_02,10,4.689733794109561,-74.0785673364265,7.935811516162673,Jueves
Bus_02,12,4.710349467135878,-74.10382838561868,24.541574140289224,Lunes
Bus_04,22,4.749752126708943,-74.05790054789034,21.297437764827748,Miércoles
Bus_03,16,4.739966999701534,-74.08054045727467,32.1911060003441,Martes
Bus_03,19,4.696384779930279,-74.07710189383442,30.771447858831262,Martes
Bus_02,13,4.663187207994111,-74.06383090962126,46.22193101549429,Martes
Bus_03,17,4.695426604706235,-74.12259284106578,49.51142048297795,Jueves
Bus_01,19,4.717847742712035,-74.06929290961332,22.26916544429519,Lunes
Bus_02,14,4.617750428638508,-74.13047593970435,30.005000650336296,Viernes
Bus_03,20,4.661485733454443,-74.11546580477551,31.963044169243553,Lunes
Bus_02,11,4.725970342845343,-74.11643895457301,22.02186251662664,Jueves
Bus_01,21,4.657574942789957,-74.05214745316108,36.283820360376225,Martes
Bus_02,11,4.685780840684078,-74.0643462776252,27.604926312350553,Miércoles
Bus_02,18,4.68816540412933,-74.07988301384097,19.32365149399022,Martes
Bus_02,19,4.627671437970045,-74.07729432383846,27.20431695733457,Viernes
Bus_02,11,4.654335316247843,-74.09379272055975,20.023254272593512,Miércoles
Bus_01,13,4.650176693311289,-74.05529093328914,40.36646829419256,Martes
Bus_04,20,4.603929506279809,-74.10037412471176,49.015592551136706,Miércoles
Bus_02,12,4.603628764583703,-74.11194822901301,32.44819373894539,Lunes
Bus_02,22,4.724754556551366,-74.13369646630684,31.112767680532755,Jueves
Bus_03,22,4.640960621495922,-74.07137943477389,31.524347668741857,Martes
Bus_02,11,4.677711814935822,-74.07655560679244,41.82234028938315,Viernes
Bus_03,7,4.644808836038315,-74.1115644961476,41.60699003597183,Lunes
Bus_04,22,4.741101886767301,-74.14748065860408,28.84346431451769,Martes
Bus_01,14,4.638894513829865,-74.0661002672282,32.52589927379091,Lunes
Bus_01,11,4.66444852191084,-74.1488582016546,36.52646407177078,Viernes
Bus_04,21,4.73090953757269,-74.0796300220371,18.62312543449266,Martes
Bus_01,18,4.7262900350187715,-74.05297428902739,42.126082374204564,Viernes
Bus_04,7,4.627915212676942,-74.10623386718518,47.348318912272276,Miércoles
Bus_04,16,4.720396496469356,-74.1265026595004,41.650321048394574,Viernes
Bus_04,17,4.668728033010684,-74.07951289899566,17.54406088385445,Miércoles
Bus_01,6,4.672445330812803,-74.06828718579844,10.299995445811259,Martes
Bus_03,7,4.620021995862391,-74.09535696839221,37.087186735179316,Miércoles
Bus_04,9,4.612090227063568,-74.05329647247439,22.398105510379136,Martes
Bus_02,15,4.7091908960460644,-74.1448331278342,32.87133354122986,Martes
Bus_01,12,4.6744691728532946,-74.09952044016954,45.35148720007548,Jueves
Bus_04,16,4.665527605392277,-74.07815460526774,23.4304482360159,Martes
Bus_04,11,4.709426234297859,-74.06373595288508,26.2244534359104,Miércoles
Bus_02,19,4.714826934848666,-74.13207443880923,32.76722972588316,Jueves
Bus_03,21,4.623836225150403,-74.06999965182364,17.024903600177694,Jueves
Bus_03,8,4.691533772421646,-74.09472929242814,22.421438039941236,Martes
Bus_03,17,4.620303112341652,-74.11034463180101,30.24857503751269,Viernes
Bus_04,22,4.712706262904357,-74.13682849714209,26.995451311822485,Viernes
Bus_04,5,4.6985432734400705,-74.06347042410911,36.084077537992265,Jueves
Bus_04,20,4.743492193162519,-74.13427267918203,57.65979614439267,Martes
Bus_01,17,4.610343702453463,-74.1190212140791,30.991383394181245,Viernes
Bus_02,14,4.6085582081726875,-74.12099544680376,21.582880539619907,Martes
Bus_04,16,4.64232806120398,-74.06285859658091,44.182403547575646,Martes
Bus_02,6,4.639255852560385,-74.08272970057911,14.111815246797788,Jueves
Bus_02,7,4.6370468198607995,-74.07033186028086,16.110918289708927,Jueves
Bus_03,14,4.735938187078156,-74.12495321012075,24.048965613522764,Lunes
Bus_01,6,4.637431929977426,-74.0875125900393,27.171132794803746,Viernes
Bus_04,17,4.640792458919295,-74.09282540168563,23.809272634827913,Viernes
Bus_03,17,4.713909739362695,-74.06671696232117,29.68487675576977,Viernes
Bus_03,22,4.667460976367581,-74.05939129395188,32.74741902746345,Miércoles
Bus_04,7,4.716506583543277,-74.14878432285226,40.68959535275138,Martes
Bus_02,11,4.609804923634657,-74.08259800809412,30.91188273843782,Jueves
Bus_03,18,4.673135679051008,-74.14481642008803,24.380537523048986,Viernes
Bus_02,21,4.605042040027492,-74.09511413349226,40.14645386439412,Lunes
Bus_01,16,4.6093979805183025,-74.12123672709563,21.82284524269869,Viernes
Bus_02,20,4.735965618001662,-74.11932234004779,13.67397254312677,Martes
Bus_01,16,4.620886805667639,-74.11470414965477,42.05956017904542,Martes
Bus_02,19,4.679863102341282,-74.08787075509504,41.418532448109715,Jueves
Bus_03,14,4.6616643403901055,-74.11659500343312,22.077016077958938,Miércoles
Bus_03,11,4.652101498938826,-74.07673009494097,26.009011461790745,Jueves
Bus_01,9,4.7349750018530905,-74.10954726144261,20.830724546700704,Viernes
Bus_04,5,4.603273509516323,-74.143164679969,33.26624217565134,Lunes
Bus_01,21,4.699568452926338,-74.07162401575158,47.32049291368082,Jueves
Bus_01,7,4.744509165132032,-74.12142416754074,37.02881798595122,Miércoles
Bus_02,17,4.684025227519276,-74.10672331204007,40.357246425830326,Jueves
Bus_02,18,4.740523369304964,-74.08145561167781,38.19728331691012,Martes
Bus_01,22,4.607838681892903,-74.11675438428513,29.998808514409067,Viernes
Bus_03,8,4.662818997861124,-74.14434143438534,40.833404379113155,Viernes
Bus_02,22,4.639023668644308,-74.11260789529872,37.450305629127996,Viernes
Bus_04,9,4.709623144747109,-74.05555514173057,44.39445715153136,Viernes
Bus_02,20,4.747194563574587,-74.08582656027015,25.404510588382436,Viernes
Bus_02,5,4.638479509366637,-74.08285208513328,12.618883604546134,Viernes
Bus_04,18,4.698126190221111,-74.08677178463624,40.452510148730774,Lunes
Bus_01,19,4.62971464491396,-74.13010078610407,33.497695206060584,Miércoles
Bus_04,13,4.684799538185741,-74.10816661358977,27.039538996787638,Viernes
Bus_01,19,4.66958987300325,-74.07490602016367,27.59847187692509,Miércoles
Bus_01,21,4.745800799444731,-74.13986271024469,55.54686325902116,Viernes
Bus_01,8,4.6912790909044695,-74.12221472239104,23.57805347465729,Jueves
Bus_04,16,4.6524259558130225,-74.12236808915341,21.466966931736668,Viernes
Bus_01,9,4.61711436773319,-74.10679810724055,30.852842334933516,Martes
Bus_03,9,4.62268702431024,-74.05196312590577,41.80490877972961,Lunes
Bus_04,15,4.633797539492685,-74.14324974533162,52.78401986529228,Jueves
Bus_03,10,4.6376449992010444,-74.09812990056194,36.57364963389571,Jueves
Bus_01,11,4.727592408676171,-74.13206353179878,17.2959125602057,Martes
Bus_02,18,4.6841834182423785,-74.05293234545903,49.70864270717799,Viernes
Bus_01,15,4.678508636706155,-74.13866964952726,29.805313009229028,Lunes
Bus_03,17,4.6172153307803825,-74.10963989976385,21.622905681050305,Jueves
Bus_03,6,4.729020954002415,-74.07621150151654,19.20607542900646,Lunes
Bus_04,11,4.708422145481272,-74.07954455719725,38.36328719335456,Jueves
Bus_02,8,4.610150254285,-74.10772713631061,32.38829386186414,Viernes
Bus_04,12,4.7061752645844654,-74.11534758320474,33.45075376945851,Jueves
Bus_03,17,4.681530732601397,-74.11023876214472,42.86503119071931,Jueves
Bus_01,18,4.6122588018620165,-74.12357237368414,21.97845408490356,Miércoles
Bus_02,14,4.668745096229299,-74.12946670612932,43.66154628273648,Viernes
Bus_01,15,4.672704443069507,-74.10169603024411,24.808426772063097,Martes
Bus_01,6,4.624866181024491,-74.12314662439324,51.640073739123565,Martes
Bus_02,13,4.741854722050042,-74.12125383351028,35.9873901599314,Viernes
Bus_04,21,4.7274963057221,-74.08432439365255,20.797614702236228,Martes
Bus_01,7,4.700353350599366,-74.05314626683001,9.745819166795204,Viernes
Bus_03,10,4.669344334150091,-74.08963627994406,38.089247222790114,Martes
Bus_01,9,4.661764831237676,-74.1423020532935,26.258197240098163,Miércoles
Bus_02,9,4.697646020072643,-74.1424416386146,28.444343054781644,Martes
Bus_02,19,4.6818147804110355,-74.05485767791544,37.66196009174107,Jueves
Bus_02,21,4.609340965882282,-74.12027092096928,40.10413826250655,Viernes
Bus_04,13,4.676875397315549,-74.14079330139175,42.23710340669291,Lunes
Bus_01,7,4.720960542584926,-74.09009554128497,18.251586916170634,Lunes
Bus_04,21,4.668885981639543,-74.08763512217098,44.25894749624589,Viernes
Bus_04,14,4.60779348663314,-74.08514951798813,24.209546638318507,Miércoles
Bus_02,7,4.717941729907605,-74.12325979721425,7.437500652517734,Martes
Bus_02,22,4.630204567320396,-74.14848893157856,18.21559653139954,Miércoles
Bus_04,22,4.638793125233206,-74.05349846305455,32.18025092132565,Lunes
Bus_01,21,4.624705953014844,-74.1249106954309,20.211857539188607,Viernes
Bus_03,7,4.649532259730725,-74.08239737119474,29.119555308239562,Viernes
Bus_04,7,4.713512725853295,-74.07933701301212,33.382524875291786,Miércoles
Bus_01,10,4.67790787892559,-74.08899925829205,28.18614596890714,Miércoles
Bus_02,17,4.630732191122607,-74.11870926057864,25.05645662143283,Martes
Bus_02,19,4.731674511722806,-74.1228903746236,17.49303937011774,Jueves
Bus_01,13,4.73193727824273,-74.09023317172974,30.21943808215332,Jueves
Bus_03,8,4.730586763756901,-74.06339043663883,9.350426124152648,Martes
Bus_02,18,4.6358194317072305,-74.05532662710766,23.140019582805785,Jueves
Bus_02,9,4.667685901627148,-74.13940941955963,20.72215890939239,Lunes
Bus_02,6,4.747748448421131,-74.13451713874024,27.60623148491085,Jueves
Bus_01,15,4.715801871446499,-74.05552637412168,27.866702006907307,Martes
Bus_04,13,4.604075113183834,-74.07634647716652,39.59956674433745,Jueves
Bus_02,7,4.6097806886890735,-74.06170061751702,45.834772772495995,Viernes
Bus_04,13,4.66958970652185,-74.12973673658647,18.8222115976303,Miércoles
Bus_03,7,4.736383030879234,-74.09124141288906,49.9283262527003,Lunes
Bus_02,6,4.680805269692907,-74.07988604055825,22.20704400478568,Viernes
Bus_02,16,4.674671876205143,-74.0819888114553,31.725267829230898,Viernes
Bus_03,14,4.615821054993495,-74.10918483091334,35.108629891483176,Martes
Bus_02,13,4.698517015708644,-74.14846051083087,54.44582752582506,Miércoles
Bus_04,19,4.723315474090033,-74.09170739431957,24.577176622373358,Miércoles
Bus_01,12,4.657063001126134,-74.12468984608205,12.032619870219467,Lunes
Bus_04,9,4.7163417776387995,-74.10497457538571,44.90379470192981,Martes
Bus_01,15,4.744671498085122,-74.05424189849161,21.66626441204565,Lunes
Bus_01,6,4.6305649688691535,-74.11009646823575,26.38411419424407,Jueves
Bus_04,19,4.678499444679211,-74.06601983933355,18.822503460738247,Viernes
Bus_04,10,4.643070693712686,-74.13114593942508,26.41296226951081,Lunes
Bus_04,12,4.718928162855076,-74.0827539501975,21.59608463794559,Viernes
Bus_04,9,4.686639004882173,-74.0522993045561,36.76441816494771,Martes
Bus_03,20,4.695187362632545,-74.13981068991271,30.807916297219794,Jueves
Bus_02,22,4.719687123942384,-74.14916800577728,23.189448393853212,Martes
Bus_01,10,4.659395570899368,-74.10664172073675,39.958719766589276,Jueves
Bus_04,9,4.737263510261056,-74.14073745169487,32.549967506745986,Jueves
Bus_04,20,4.679954330086921,-74.07516156503237,11.539517495559444,Viernes
Bus_04,17,4.623693223425302,-74.05854513361514,39.19703314084302,Martes
Bus_03,9,4.70438486772532,-74.10659790272912,31.848678838526347,Martes
Bus_04,17,4.718989202565738,-74.12412883578446,43.90732487591542,Lunes
Bus_04,21,4.647514251560128,-74.10655966809934,31.23917426342645,Martes
Bus_04,22,4.728576888549813,-74.077655218215,22.08290649432405,Lunes
Bus_02,12,4.735921488214865,-74.14909458384197,27.95704666698163,Miércoles
Bus_03,17,4.641535673106671,-74.09105460105152,38.03919330880721,Miércoles
Bus_04,7,4.7475282209072835,-74.08867083151127,22.292629402991373,Miércoles
Bus_01,12,4.621106729207313,-74.0862311753104,25.597032128924415,Martes
Bus_01,6,4.630302350260373,-74.12579779200192,27.78311420000933,Martes
Bus_01,12,4.627633725885704,-74.07859472766219,18.50628389784127,Lunes
Bus_03,17,4.73409845650118,-74.14086085136682,22.436765753714255,Jueves
Bus_03,17,4.698143882848744,-74.13007296635332,31.725501918041903,Lunes
Bus_01,5,4.62281564248334,-74.06225299533455,42.02477747653008,Miércoles
Bus_04,10,4.6660485127552525,-74.07612768492734,33.17146984710475,Lunes
Bus_03,20,4.69229470376047,-74.14862544459888,29.541387406309784,Jueves
Bus_01,12,4.612519612748407,-74.12516237396302,21.68729226047689,Martes
Bus_01,5,4.732362455261101,-74.12855935170069,40.95160411720232,Lunes
Bus_04,20,4.72054053031623,-74.1229193671963,34.335054999468426,Miércoles
Bus_02,13,4.675781016036495,-74.12524402297201,22.932702364807604,Miércoles
Bus_03,17,4.745068992288876,-74.14374737042571,38.986484586849,Martes
Bus_04,15,4.662664146891265,-74.10410594834032,35.59577061510467,Lunes
Bus_01,17,4.747616547855475,-74.07672665252139,21.86469650633764,Jueves
Bus_01,14,4.700187999820544,-74.08932682752825,28.986217437357997,Martes
Bus_04,8,4.6952006909880915,-74.08271283314019,25.07227271757063,Lunes
Bus_03,10,4.624893234294367,-74.14188508214639,56.33537940031605,Viernes
Bus_02,11,4.732289163745697,-74.05485092898232,35.317448831256584,Miércoles
Bus_02,9,4.664123453188092,-74.06615081661569,31.867620548482403,Jueves
Bus_01,15,4.624335010867371,-74.06949096815043,34.726630560767134,Jueves
Bus_03,17,4.601891127996364,-74.06770161949582,43.79162588197498,Jueves
Bus_02,14,4.683963352545757,-74.05672894918672,29.166198555615345,Miércoles
Bus_03,14,4.679109943318402,-74.09557460338863,24.100907021342437,Lunes
Bus_03,15,4.7079030433553735,-74.12997179821325,38.44283228097417,Martes
Bus_01,11,4.73353870795267,-74.08832163921474,28.25055433998688,Lunes
Bus_02,22,4.611910987696454,-74.07571185063321,19.301046709194967,Martes
Bus_04,8,4.709724473551054,-74.0762082606646,17.353135682439415,Jueves
Bus_01,6,4.6281117916146375,-74.09785509758332,45.29296550839533,Lunes
Bus_02,18,4.728726557973575,-74.14315412806664,31.316445669192845,Jueves
Bus_02,17,4.722859527079248,-74.112888706157,24.10432616007599,Viernes
Bus_02,16,4.681119063247832,-74.05792333915366,27.656650889579364,Jueves
Bus_02,11,4.706536419793497,-74.09155510902426,38.07444718008352,Jueves
Bus_02,6,4.647152516977562,-74.09616680567443,27.06594484157955,Martes
Bus_03,17,4.670675184839922,-74.12311464856178,15.505802708225819,Viernes
Bus_01,18,4.723245534656571,-74.11315510800834,33.25840852147925,Jueves
Bus_03,21,4.668889779575982,-74.06046539108468,42.083478175735635,Jueves
Bus_04,13,4.653669739798816,-74.08335369524731,41.4146431797225,Viernes
Bus_02,21,4.674131867087545,-74.07126129732477,24.406700618627546,Viernes
Bus_01,12,4.724237387865583,-74.10456545769324,42.691726564583796,Lunes
Bus_02,6,4.650281207105631,-74.08697527805438,32.12949973671623,Martes
Bus_01,17,4.626064238970361,-74.12516163912568,42.41147343878727,Viernes
Bus_03,7,4.706802103049617,-74.07945391697164,35.73687030002554,Viernes
Bus_01,20,4.723896731906212,-74.10723986662967,14.784031573673303,Miércoles
Bus_04,10,4.615095621778529,-74.10574544851853,47.467389375083464,Viernes
Bus_04,11,4.635981116913391,-74.08506776754231,30.517838511989535,Martes
Bus_01,14,4.621295798464149,-74.0563719378531,35.76793823913817,Jueves
Bus_01,13,4.652191211737325,-74.14359936533914,16.55955371528156,Jueves
Bus_01,6,4.667552646835811,-74.0675256762653,35.053265000780655,Jueves
Bus_01,19,4.712323950544496,-74.12076168895878,41.0292773274266,Jueves
Bus_04,9,4.697672137732251,-74.10560805454936,49.353203365984044,Miércoles
Bus_02,8,4.693139285121765,-74.1478086671225,44.003997947952826,Viernes
Bus_01,8,4.652856241991448,-74.11989539221658,35.54224703946039,Jueves
Bus_01,22,4.726217132962714,-74.099736875737,14.556226466516138,Lunes
Bus_04,8,4.670693075109725,-74.14438239226526,31.322727904974215,Jueves
Bus_04,21,4.746865740702273,-74.10089042706169,24.074904347870696,Viernes
Bus_03,16,4.69512132074436,-74.05728893711415,32.34977874816247,Jueves
Bus_01,21,4.618939711234675,-74.13946067818922,17.83674167204901,Miércoles
Bus_03,14,4.701426634311315,-74.07355592719244,27.898330922080984,Martes
Bus_04,5,4.6487656023147546,-74.1090328946624,24.828169161939314,Martes
Bus_04,22,4.702949079502915,-74.08448262854756,24.518336440307536,Viernes
Bus_02,22,4.610446172224361,-74.12397634020148,24.617638140088456,Martes
Bus_01,18,4.626232215576394,-74.13405077374587,28.641452836117555,Martes
Bus_03,19,4.7283605888358675,-74.13395373857288,32.86194759048022,Lunes
Bus_04,16,4.634076933553527,-74.14295080543569,5.015064121285491,Viernes
Bus_04,8,4.725556168786441,-74.13143532950988,6.235671436621363,Viernes
Bus_03,7,4.641891413268161,-74.0835780615011,26.613086600781248,Martes
Bus_02,16,4.696432286508806,-74.06183093881565,28.022309552943856,Martes
Bus_04,11,4.704122586026474,-74.06858743144089,31.891112166039406,Martes
Bus_01,15,4.676898212971758,-74.08148656901255,22.72327645143776,Miércoles
Bus_04,5,4.645796601504509,-74.1389568136589,30.094651940226818,Jueves
Bus_01,10,4.631896656455664,-74.12108125537041,31.26523205018055,Miércoles
Bus_03,19,4.604978403184363,-74.11901931246776,22.654419031345284,Viernes
Bus_01,19,4.645591960186108,-74.12500430536024,40.13455821741101,Lunes
Bus_03,15,4.697974418579692,-74.09849943402902,31.769863114550606,Jueves
Bus_01,6,4.740745722767272,-74.09644461851204,35.469610954632905,Lunes
Bus_03,18,4.730680672339457,-74.1143114024829,30.688457312838526,Viernes
Bus_01,6,4.714909716480295,-74.11462108412636,51.036731030617204,Viernes
Bus_02,8,4.718267101487995,-74.06714444020939,35.963970691176534,Lunes
Bus_01,21,4.699747735521399,-74.07107071516803,25.120066837927748,Lunes
Bus_01,7,4.6390430286349,-74.11922041683192,38.20966884368401,Lunes
Bus_02,17,4.736079254605874,-74.05862115561267,13.623950825433283,Viernes
Bus_04,13,4.700609846785875,-74.05471849829975,31.196002626671042,Martes
Bus_04,11,4.684066094647066,-74.117325745797,33.191602900919904,Lunes
Bus_01,19,4.616648420382022,-74.1145575051207,31.310207620786983,Jueves
Bus_02,15,4.6670583315709635,-74.09943658465781,26.662211291611126,Viernes
Bus_01,6,4.6690537406802886,-74.05588791874663,19.87726643162985,Miércoles
Bus_03,19,4.729684541428401,-74.06236805668577,22.106529879490374,Miércoles
Bus_03,18,4.681997233028168,-74.13974320374165,31.020749162473837,Jueves
Bus_01,15,4.657060082345561,-74.11072692567286,18.864807675720073,Martes
Bus_04,7,4.746520049276599,-74.09466288102503,47.70167615647273,Lunes
Bus_04,21,4.616608088998947,-74.09968675274484,3.591023206562941,Viernes
Bus_01,16,4.663382264246792,-74.13061369320631,26.765621324553962,Lunes
Bus_01,19,4.606303701275711,-74.06411832288319,31.103896391076972,Viernes
Bus_03,20,4.710985618115039,-74.08230592170031,35.07420927833289,Miércoles
Bus_04,9,4.737711482829873,-74.06620916251482,20.84075272737573,Lunes
Bus_01,10,4.642005599432573,-74.06412357206506,41.342947938882126,Jueves
Bus_03,9,4.728751251519868,-74.07516441463342,16.06168956187077,Martes
Bus_04,7,4.643832734569284,-74.10607893987503,24.33871411392432,Jueves
Bus_02,5,4.736615524246587,-74.08894532449845,36.207475552794236,Martes
Bus_03,10,4.713094285539517,-74.13396345938803,40.40188564792752,Lunes
Bus_04,19,4.7207360165262156,-74.08263545825251,15.959987036189023,Lunes
Bus_04,6,4.602700983340068,-74.13207467442608,56.450367904151584,Martes
Bus_03,7,4.744421553561104,-74.08060504094898,21.025084368327903,Miércoles
Bus_02,21,4.709000648810548,-74.1270401839246,16.878175224722174,Viernes
Bus_03,16,4.645712664307919,-74.13824486998499,35.02714891773257,Jueves
Bus_04,22,4.724409199728827,-74.1334715509857,26.51706546418543,Jueves
Bus_01,19,4.642228179762239,-74.1498007864781,25.039476874602556,Jueves
Bus_01,16,4.730913075934919,-74.07812603821465,35.956440575697194,Lunes
Bus_03,20,4.61688705856179,-74.07675989509416,14.727043095721907,Jueves
Bus_04,12,4.705552896619119,-74.09850666500867,12.978656000252975,Viernes
Bus_01,18,4.681104771496736,-74.13386371989446,24.025766348567718,Viernes
Bus_04,21,4.6144801705293155,-74.14164456624894,40.779017394533255,Martes
Bus_03,12,4.636284074238826,-74.14808710335627,24.459447065872162,Lunes
Bus_01,19,4.601860605441597,-74.13342518230348,45.991566845286144,Viernes
Bus_04,18,4.6703151948196755,-74.06091444650168,42.01014761171891,Miércoles
Bus_01,22,4.645189789114,-74.12584631582983,32.829461845074846,Lunes
Bus_03,11,4.6897536226446634,-74.11457286727828,33.397238593747566,Lunes
Bus_04,7,4.6445856711562925,-74.13946545155187,32.82002625016856,Viernes
Bus_01,16,4.644987866726048,-74.12776386952518,31.597177286821,Miércoles
Bus_03,7,4.7114789798097405,-74.09807754292198,26.337583025218205,Martes
Bus_01,18,4.6072214253967525,-74.08922473169044,27.498121667928373,Viernes
Bus_01,19,4.735434249278798,-74.12546476858338,19.30039843407418,Miércoles
Bus_02,18,4.727839581158677,-74.14422678407749,7.8995721070982015,Lunes
Bus_02,11,4.700170702483961,-74.11089671308726,41.0407060928205,Miércoles
Bus_03,21,4.688983235516107,-74.12657966290737,31.572584367852983,Lunes
Bus_02,16,4.733845374720948,-74.12804460767703,30.062113556217863,Viernes
Bus_03,8,4.627799526929307,-74.05401371972866,33.9844912285788,Viernes
Bus_02,13,4.611845374328624,-74.08836995140743,21.716025452063512,Jueves
Bus_01,10,4.635926525486431,-74.09431215568279,19.98937786615567,Jueves
Bus_03,20,4.719186741805029,-74.10842248964767,27.163153063218473,Jueves
Bus_03,6,4.605200540008972,-74.10710556665698,43.68098481763813,Viernes
Bus_01,12,4.687421025262523,-74.0959094996162,18.312589715068736,Martes
Bus_03,15,4.749315627428697,-74.08035701929639,3.729346431918337,Viernes
Bus_03,17,4.728354414075631,-74.07978539038182,24.785989081812474,Miércoles
Bus_02,21,4.678216853356538,-74.13283060922946,41.426999162351834,Viernes
Bus_03,12,4.609546136392996,-74.09998872479234,12.674559756456464,Viernes
Bus_04,22,4.724706027157857,-74.1088041904966,18.19716396177128,Lunes
Bus_01,22,4.689846776226582,-74.06294730337306,32.63546740578169,Lunes
Bus_02,18,4.617239949558935,-74.08685810787816,55.699070354753346,Lunes
Bus_02,19,4.614078592723503,-74.0967495933584,16.417883314738045,Viernes
Bus_04,10,4.736444022915489,-74.13846053578212,16.03065908532041,Martes
Bus_01,15,4.700380039440712,-74.08943621106766,33.38698368839185,Miércoles
Bus_01,17,4.724393019897513,-74.13827960943198,42.04674439993704,Miércoles
Bus_02,5,4.73184683504234,-74.11627934244343,23.759012876742897,Martes
Bus_03,10,4.685765852807248,-74.13571580351856,13.786058438778312,Martes
Bus_02,13,4.677616952763256,-74.08079263529757,34.33749220886346,Miércoles
Bus_01,12,4.664564111548148,-74.12937478861639,36.14841397302973,Jueves
Bus_04,15,4.647541988168667,-74.1108140626812,47.786551265382485,Lunes
Bus_02,13,4.665189394128807,-74.06043252223812,36.56947112324279,Lunes
Bus_01,21,4.716081948359523,-74.1295683616601,38.280660763723795,Miércoles
Bus_02,16,4.69028851465227,-74.09921949360412,27.378548561320944,Martes
Bus_03,18,4.7338784934932265,-74.1080728338834,54.415043421694676,Jueves
Bus_02,19,4.6665070021568775,-74.14818759589544,26.018579894115298,Miércoles
Bus_02,20,4.691063436807813,-74.07072418864271,23.8807787858823,Lunes
Bus_01,5,4.694696132963799,-74.14309540936854,48.09514918518607,Viernes
Bus_01,14,4.688754574345949,-74.10257449790231,15.2576272110459,Martes
Bus_01,12,4.705395065962827,-74.09393217050611,11.52591615472085,Viernes
Bus_02,22,4.63561502025622,-74.08715735433854,31.195569245984846,Miércoles
Bus_03,5,4.676854566631868,-74.08113683706921,29.982634767243045,Lunes
Bus_04,6,4.615633720421251,-74.12467276164773,27.72112018449338,Jueves
Bus_04,5,4.657676699146721,-74.14900212233417,39.939297571216514,Viernes
Bus_01,5,4.67315006029319,-74.07765563376451,20.917938177114294,Jueves
Bus_01,13,4.6978336389318205,-74.09643434006524,30.64167125624674,Lunes
Bus_02,17,4.742579657887931,-74.06638822967928,26.39894047361813,Viernes
Bus_04,5,4.6900976599822535,-74.06786116370994,21.087814998932494,Jueves
Bus_01,17,4.711539087426484,-74.06566738322121,29.381599160393165,Jueves
Bus_03,11,4.67593990892428,-74.10149053400205,38.525958032951024,Viernes
Bus_03,6,4.69511560470645,-74.11663716041632,51.205681204305016,Lunes
Bus_01,10,4.610639832420065,-74.07084417974086,35.794189828989694,Jueves
Bus_01,11,4.638158737126277,-74.10487058869708,4.8916499859854845,Miércoles
Bus_04,18,4.65427796398077,-74.13165578035967,29.61859914558351,Viernes
Bus_04,22,4.670874003250977,-74.06450259804384,30.498027909028323,Martes
Bus_02,19,4.606847311825357,-74.06174401232276,39.3620900957995,Martes
Bus_04,6,4.621003614632997,-74.10336902438598,31.84810302489739,Lunes
Bus_03,14,4.641522146168696,-74.14243002726903,42.53088917302077,Miércoles
Bus_03,16,4.745729903635158,-74.11121739100831,33.91670615615271,Jueves
Bus_01,21,4.649702051065457,-74.06964623405374,45.58798069497889,Martes
Bus_04,12,4.672306158716812,-74.05982259714537,25.612540799517067,Lunes
Bus_02,15,4.629414656910758,-74.12965272575025,31.443434672966937,Miércoles
Bus_03,7,4.691617010661365,-74.14330263879748,38.266415353898964,Miércoles
Bus_03,10,4.642102482327396,-74.06226495468671,24.278059297065564,Lunes
Bus_02,13,4.631048886765764,-74.11105950610211,22.09987197918924,Lunes
Bus_02,10,4.677485894266897,-74.09582390357325,23.70647900313315,Jueves
Bus_03,13,4.600825869874063,-74.05319341879492,22.507843829110776,Lunes
Bus_03,11,4.601149604897383,-74.14334352720859,35.22561920875327,Jueves
Bus_02,13,4.632860321365278,-74.0851681992548,11.651919703654443,Jueves
Bus_03,22,4.6055082043751225,-74.14258945774252,14.44029973682093,Viernes
Bus_01,16,4.616203863119603,-74.11245310715336,48.627464923572624,Miércoles
Bus_01,12,4.650829097400813,-74.06961854548065,22.749032790258227,Miércoles
Bus_02,12,4.720387851936972,-74.10665277672445,32.000148511717484,Miércoles
Bus_04,22,4.685807296505395,-74.05028176460971,15.108535821008717,Viernes
Bus_02,19,4.676900158893463,-74.09409407150534,30.94124267789276,Jueves
Bus_02,11,4.644023323481218,-74.1178837847364,22.80993332318596,Jueves
Bus_04,15,4.739763057914923,-74.12798886740953,14.369105018395858,Lunes
Bus_04,20,4.659552256185578,-74.11494794657139,43.36920437564713,Viernes
Bus_04,8,4.6130639150193655,-74.11274667262404,41.825657270608716,Lunes
Bus_01,10,4.69255997741767,-74.14312863222762,28.926452092859837,Viernes
Bus_03,7,4.61707575902149,-74.11304258005732,39.99419032677911,Lunes
Bus_01,13,4.651783471420254,-74.10357614802608,49.0329268772716,Martes
Bus_03,14,4.6761117908076715,-74.07772622477611,37.540759331580894,Miércoles
Bus_01,18,4.7311333787027765,-74.08432705152784,34.79679739509963,Miércoles
Bus_03,15,4.674031987051017,-74.07912343447708,31.989496964833094,Jueves
Bus_01,22,4.705338814904749,-74.14916363181231,36.49497364859239,Martes
Bus_04,16,4.748922525849861,-74.12823326004195,26.360806065103635,Miércoles
Bus_02,16,4.6197233679846965,-74.08383157116002,27.233641308385533,Jueves
Bus_01,17,4.641209728827928,-74.10160106318203,34.508913752125146,Martes
Bus_03,17,4.659186411339647,-74.14946865243317,25.261351298404712,Miércoles
Bus_04,18,4.663274226780825,-74.06955053575682,26.342003272064975,Lunes
Bus_01,8,4.6616531612898315,-74.07271904267097,30.001866646349733,Viernes
Bus_01,17,4.736141650383483,-74.09515808370064,41.50607550593069,Martes
Bus_04,12,4.707104896670028,-74.14335366742237,18.673362464403525,Jueves
Bus_01,16,4.691185782113606,-74.07334849504674,37.59178502705261,Martes
Bus_02,22,4.646405907679417,-74.09162864122686,37.917964128034704,Jueves
Bus_01,10,4.723568557633194,-74.0718040022842,37.85812009296809,Martes
Bus_02,22,4.743259076722748,-74.07482530076041,21.93253619790511,Jueves
Bus_02,9,4.723179742382534,-74.06969979280422,13.073183844890629,Miércoles
Bus_04,13,4.600234765778721,-74.09819919335953,35.59700472411422,Lunes
Bus_01,7,4.695460205527511,-74.13596754818066,31.87538784413962,Miércoles
Bus_04,14,4.607670307216315,-74.08288425266203,40.04376634763132,Lunes
Bus_01,7,4.638641083050058,-74.08795262149481,22.994631719904618,Miércoles
Bus_01,19,4.608928705052166,-74.0757746812801,37.60118376256361,Miércoles
Bus_03,5,4.690569317942408,-74.13301189939493,40.54412112219411,Martes
Bus_01,11,4.702988487023891,-74.13050248000998,29.046902789506493,Viernes
Bus_04,16,4.617173145709885,-74.06095904827806,34.169295032648165,Jueves
Bus_02,21,4.657575832456747,-74.07500222015479,33.81966457524095,Jueves
Bus_01,9,4.668435476343332,-74.05917715112997,21.7853047097035,Jueves
Bus_03,8,4.655357953264137,-74.07412846788361,35.310966022846074,Lunes
Bus_04,16,4.6181537500727785,-74.09028446940097,46.224983409010136,Jueves
Bus_01,22,4.662842168528121,-74.08458672629722,30.222039345426367,Jueves
Bus_04,21,4.712676707171263,-74.061087207606,15.390750613483426,Martes
Bus_03,13,4.610651149679988,-74.0921193245488,23.127734690859903,Miércoles
Bus_03,8,4.612027002112285,-74.08676086756716,12.205705511483725,Jueves
Bus_04,6,4.6532156937753975,-74.13435232839964,42.90261129046065,Viernes
Bus_01,8,4.741258856742839,-74.10260787798839,37.64105296328095,Jueves
Bus_02,6,4.700285897008437,-74.07836028880419,24.986307283321814,Lunes
Bus_03,19,4.701800493500885,-74.12290573016837,15.819400780310636,Lunes
Bus_01,6,4.654287998625679,-74.12977458194754,21.667050417575098,Lunes
Bus_01,8,4.689049118681281,-74.11861731917756,23.617230343028524,Jueves
Bus_02,10,4.601519677604161,-74.12584993720073,31.094075990200583,Martes
Bus_03,11,4.695414406961431,-74.12850873629637,30.757593431983796,Viernes
Bus_03,14,4.736993042136436,-74.1075149157132,43.414319753737026,Jueves
Bus_01,16,4.691886020251722,-74.05921614861164,23.072451423019572,Martes
Bus_01,7,4.731054789019952,-74.09929403532612,14.918121456460714,Martes
Bus_02,17,4.708595958319914,-74.13120796191848,18.430215248577078,Jueves
Bus_02,22,4.618083762460553,-74.14230283306192,29.76975145553499,Jueves
Bus_03,12,4.735367996092876,-74.08038438548621,22.713219330542092,Martes
Bus_04,19,4.609966576653366,-74.11172012355637,27.07991454486974,Martes
Bus_03,5,4.680095120882164,-74.06781690534146,25.459664196805562,Martes
Bus_01,7,4.621320568569018,-74.08404892313592,39.90238453705183,Jueves
Bus_03,12,4.601755991609635,-74.07037585494587,24.130343129076778,Martes
Bus_04,8,4.663305139019146,-74.12280539605815,26.2265792305219,Lunes
Bus_02,20,4.644256106148124,-74.0807641077539,37.17283581158776,Jueves
Bus_04,14,4.6729000740696405,-74.12359380153063,24.35018088967924,Lunes
Bus_04,16,4.686579983010183,-74.05609315205497,34.232123744570174,Miércoles
Bus_04,18,4.606560860846342,-74.08636257184666,33.314852620217586,Jueves
Bus_02,18,4.618450494268561,-74.11754881998247,31.417658589610795,Miércoles
Bus_04,6,4.683796359467563,-74.12304881377078,18.656036172935103,Martes
Bus_04,9,4.6514751029758985,-74.13090734149284,42.29774224521937,Martes
Bus_04,9,4.7093760231324175,-74.08053590411063,52.20683796583114,Viernes
Bus_01,10,4.697843747288791,-74.12812843870022,30.088281382673948,Martes
Bus_04,17,4.726840654448486,-74.09046967340726,19.536451266296247,Miércoles
Bus_02,13,4.7038739240003835,-74.12353649730747,30.291027083250228,Martes
Bus_04,19,4.664489661608522,-74.08380310552062,39.89860140585999,Jueves
Bus_04,18,4.7009449933591645,-74.06850602714594,23.84812324284393,Martes
Bus_02,11,4.641307176138312,-74.07219747568553,28.711008158818103,Viernes
Bus_04,6,4.645947024816731,-74.07391486690692,33.406541364121416,Martes
Bus_02,11,4.7183477739881186,-74.13122775943079,42.03047852205925,Miércoles
Bus_04,10,4.666962927460237,-74.14116150530155,37.754237330893744,Miércoles
Bus_02,21,4.719757051077753,-74.08010511715126,38.16867969532262,Martes
Bus_04,6,4.723363356050242,-74.11316527862057,25.73731443323575,Miércoles
Bus_04,7,4.728634350649193,-74.10676537735966,34.01918955173923,Miércoles
Bus_01,9,4.737495285376181,-74.14688509072067,22.780366728748707,Viernes
Bus_01,9,4.664647783076994,-74.1240423550725,38.45526099885211,Jueves
Bus_04,5,4.64783002274817,-74.14663235961255,41.51219640785614,Viernes
Bus_04,12,4.687329811989117,-74.06208142273988,35.533635687726225,Lunes
Bus_03,16,4.655675863515644,-74.12566033167815,26.325894132051847,Viernes
